marathon,collapse
workshop,conflict
relative,separate
exercise,twilight
describe,prospect
gradient,terminal
momentum,definite
cassette,convince
activate,platform
abstract,amputate
epicalyx,contempt
relation,practice
negative,familiar
composer,sickness
ancestor,talented
earthwax,sunshine
discover,approach
calendar,fragment
fountain,literacy
judgment,workshop
coincide,merchant
innocent,misplace
casualty,umbrella
increase,instinct
minority,proclaim
minister,property
dialogue,exchange
forecast,faithful
contempt,contract
survival,imposter
disgrace,hesitate
critical,possible
nominate,location
grateful,absolute
frighten,division
separate,medieval
farewell,strength
equation,buttocks
implicit,interest
infinite,customer
hesitate,threaten
assembly,standard
economic,occasion
security,prisoner
dominate,courtesy
folklore,shoulder
tropical,cucumber
adoption,reliable
hospital,gradient
domestic,broccoli
fragment,interest
contrast,reliable
freshman,autonomy
material,industry
particle,literacy
electron,parallel
displace,detector
offender,confront
practice,building
movement,recovery
location,activity
majority,response
threaten,congress
sunshine,ideology
rhetoric,diplomat
commerce,complain
arrogant,discreet
aquarium,hardware
bathroom,register
diplomat,nominate
disaster,strength
accurate,abnormal
flatware,exposure
mosquito,employee
stunning,district
romantic,straight
restless,personal
discount,position
pavement,surround
referral,cemetery
civilian,increase
language,champion
birthday,majority
forestry,pleasure
disorder,ancestor
buttocks,indirect
disclose,carriage
baseball,positive
magnetic,cultural
distinct,separate
dramatic,prisoner
analysis,tendency
category,opponent
cemetery,magnetic
generate,medieval
contrary,shoulder
humanity,composer
helpless,practice
colorful,strength
sequence,ideology
district,equation
skeleton,sickness
mutation,surprise
dedicate,conflict
concrete,forestry
mistreat,dramatic
bulletin,nuclear
straight,torture
nonsense,contain
teenager,measure
umbrella,freight
password,deliver
fragrant,contact
training,realism
abnormal,penalty
abortion,certain
vigorous,clarify
tendency,battery
ambition,pioneer
carriage,gesture
aviation,sulphur
product,strange
